,,,,,,PCG Survey,,,,,,,,,,,,,,,,,,,,,,,,,,,,,,,,,,,,
Web of Science Data,,,,,,General,,,,,What is the Point of Comparison for the Evaluation,,,,,,Method of Evaluation or Comparison,,,,Characteristics and Metrics Calulated,,,,,,,,,,,,Game Type,,Game Domain,,,,,Domain Origin,,
Authors,Article Title,Source Title,Publication Year,DOI Link,Notes,Paper Accessible?,Introduces novel PCG system for game levels or Virtual Environments,Includes any evaluation at all (or is it just a system description),Same System as other paper,Info provided on computational resources used,System with Algorithm vs Without,Alternative Parameterisations of Base System,Alternative Algorithms Same System,System from Prior Research,Multiple Alternative Generators Introduced & Contrasted,Exemplar Content (I.e similarity to original game content),Features Calculated from Level Representation Directly,Evaluated through Play or Observed Play by Humans,Simulated Play by Agents,Evaluated through Designing a Level,Fitness (Quantifiable Heuristic),Playability/Win Rate,"Use of Validated Questionnaire (e.g GEQ, SUS)",Custom Questionnaire or Questions,Biological Readings of Players (ECG etc),Computational/Resource Performance of Generator (i.e time to generate),Qualatative Visual Traits of a Sample,Metric/Behavioural Characteristic Diversity inc Tile Pattern Divergence ,Output diversity - Similarity to training levels,ERA,Controllability i.e ability to produce artefacts with a target feature (DDA and LLM stuff primarily),Performance as an Agent Curiculum,1D/2D,3D,Mario AI Benchmark,GVGAI,Lode Runner,Zelda,Multiple Games ,Commercial Game or Commercial Game Mod,Custom System Just for Paper,Pre-Existing Research Platform or Framework
A1,A2,A3,A4,A5,A6,G1,G2,G3,G4,G5,C1,C2,C3,C4,C5,C6,M1,M2,M3,M4,CM1,CM2,CM3,CM4,CM5,CM6,CM7,CM8,CM9,CM10,CM11,CM12,GT1,GT2,GD1,GD2,GD3,GD4,GD5,DO1,DO2,DO3
"Ince, M",BiLSTM and dynamic fuzzy AHP-GA method for procedural game level generation,NEURAL COMPUTING & APPLICATIONS,2021,http://dx.doi.org/10.1007/s00521-021-06180-7,,Yes,Yes,Yes,No,No,No,No,Yes,No,No,No,Yes,Yes,No,No,Yes,No,No,Yes,No,No,No,Yes,No,No,No,No,No,Yes,No,No,No,No,No,No,Yes,No
"Alves, T; Coelho, J; Nogueira, L",Content Generation for Massively Multiplayer Online Games with Genetic Algorithms,"APPLIED COMPUTATIONAL INTELLIGENCE AND MATHEMATICAL METHODS: COMPUTATIONAL METHODS IN SYSTEMS AND SOFTWARE 2017, VOL. 2",2018,http://dx.doi.org/10.1007/978-3-319-67621-0_4,,No,N/A,N/A,N/A,N/A,N/A,N/A,N/A,N/A,N/A,N/A,N/A,N/A,N/A,N/A,N/A,N/A,N/A,N/A,N/A,N/A,N/A,N/A,N/A,N/A,N/A,N/A,N/A,N/A,N/A,N/A,N/A,N/A,N/A,N/A,N/A,N/A
"Fadaeddini, A; Majidi, B; Eshghi, M",A Case Study of Generative Adversarial Networks for Procedural Synthesis of Original Textures in Video Games,"2018 2ND NATIONAL AND 1ST INTERNATIONAL DIGITAL GAMES RESEARCH CONFERENCE: TRENDS, TECHNOLOGIES, AND APPLICATIONS (DGRC)",2018,,,Yes,No,N/A,N/A,N/A,N/A,N/A,N/A,N/A,N/A,N/A,N/A,N/A,N/A,N/A,N/A,N/A,N/A,N/A,N/A,N/A,N/A,N/A,N/A,N/A,N/A,N/A,N/A,N/A,N/A,N/A,N/A,N/A,N/A,N/A,N/A,N/A
"Liu, JL; Snodgrass, S; Khalifa, A; Risi, S; Yannakakis, GN; Togelius, J",Deep learning for procedural content generation,NEURAL COMPUTING & APPLICATIONS,2021,http://dx.doi.org/10.1007/s00521-020-05383-8,,Yes,No,N/A,N/A,N/A,N/A,N/A,N/A,N/A,N/A,N/A,N/A,N/A,N/A,N/A,N/A,N/A,N/A,N/A,N/A,N/A,N/A,N/A,N/A,N/A,N/A,N/A,N/A,N/A,N/A,N/A,N/A,N/A,N/A,N/A,N/A,N/A
"Viana, BMF; dos Santos, SR",A Survey of Procedural Dungeon Generation,2019 18TH BRAZILIAN SYMPOSIUM ON COMPUTER GAMES AND DIGITAL ENTERTAINMENT (SBGAMES 2019),2019,http://dx.doi.org/10.1109/SBGames.2019.00015,,Yes,No,N/A,N/A,N/A,N/A,N/A,N/A,N/A,N/A,N/A,N/A,N/A,N/A,N/A,N/A,N/A,N/A,N/A,N/A,N/A,N/A,N/A,N/A,N/A,N/A,N/A,N/A,N/A,N/A,N/A,N/A,N/A,N/A,N/A,N/A,N/A
"de Lima, ES; Feijo, B; Furtado, AL",Procedural Generation of Quests for Games Using Genetic Algorithms and Automated Planning,2019 18TH BRAZILIAN SYMPOSIUM ON COMPUTER GAMES AND DIGITAL ENTERTAINMENT (SBGAMES 2019),2019,http://dx.doi.org/10.1109/SBGames.2019.00028,,Yes,No,N/A,N/A,N/A,N/A,N/A,N/A,N/A,N/A,N/A,N/A,N/A,N/A,N/A,N/A,N/A,N/A,N/A,N/A,N/A,N/A,N/A,N/A,N/A,N/A,N/A,N/A,N/A,N/A,N/A,N/A,N/A,N/A,N/A,N/A,N/A
"Campos, JPA; Rieder, R",Procedural Content Generation using Artificial Intelligence for Unique Virtual Reality Game Experiences,2019 21ST SYMPOSIUM ON VIRTUAL AND AUGMENTED REALITY (SVR 2019),2019,http://dx.doi.org/10.1109/SVR.2019.00037,,No (Not in English),N/A,N/A,N/A,N/A,N/A,N/A,N/A,N/A,N/A,N/A,N/A,N/A,N/A,N/A,N/A,N/A,N/A,N/A,N/A,N/A,N/A,N/A,N/A,N/A,N/A,N/A,N/A,N/A,N/A,N/A,N/A,N/A,N/A,N/A,N/A,N/A
"Zafar, A; Irfan, A; Sabir, MZ",Generating General Levels using Markov Chains,2019 11TH COMPUTER SCIENCE AND ELECTRONIC ENGINEERING (CEEC),2019,,,Yes,Yes,Yes,No,No,No,No,No,No,No,No,No,No,Yes,No,No,Yes,No,No,No,No,No,No,No,No,No,No,Yes,No,No,Yes,No,Yes,Yes,No,No,Yes
"Brown, JA; Lutfullin, B; Oreshin, P; Pyatkin, I",Levels for Hotline Miami 2: Wrong Number Using Procedural Content Generations,COMPUTERS,2018,http://dx.doi.org/10.3390/computers7020022,,Yes,Yes,No,No,No,No,No,No,No,No,No,No,No,No,No,No,No,No,No,No,No,No,No,No,No,No,No,Yes,No,No,No,No,No,No,Yes,No,No
"Karkaj, AM; Lotfi, S",Using estimation of distribution algorithm for procedural content generation in video games,GENETIC PROGRAMMING AND EVOLVABLE MACHINES,2022,http://dx.doi.org/10.1007/s10710-022-09442-y,,Yes,Yes,Yes,No,Yes,No,No,No,Yes,No,No,Yes,No,No,No,Yes,No,No,No,No,No,Yes,Yes,No,Yes,No,No,Yes,No,Yes,No,No,No,No,No,No,Yes
"Thakkar, S; Cao, CX; Wang, LF; Choi, TJ; Togelius, J",Autoencoder and Evolutionary Algorithm for Level Generation in Lode Runner,2019 IEEE CONFERENCE ON GAMES (COG),2019,,,Yes,Yes,Yes,No,No,No,No,Yes,No,No,No,Yes,No,No,No,No,No,No,No,No,No,Yes,No,Yes,No,No,No,Yes,No,No,No,Yes,No,No,Yes,No,No
"Kim, H; Hahn, T; Kim, S; Kang, S",Graph Based Wave Function Collapse Algorithm for Procedural Content Generation in Games,IEICE TRANSACTIONS ON INFORMATION AND SYSTEMS,2020,http://dx.doi.org/10.1587/transinf.2019EDP7295,Sudouku == Comercial Game,Yes,Yes,Yes,Yes (Graph Based Wave Function Collapse Algorithm for Procedural Content Generation in Games),Yes,No,No,Yes,Yes,No,No,Yes,No,No,No,No,No,No,No,No,Yes,Yes,No,No,No,No,No,Yes,Yes,No,No,No,No,Yes,No,Yes,No
"Park, JW; Oh, SH",A Study on Creation and Usability of Real Time City Generator via Procedural Content Generation - Focus on virtual reality contents for senior,2019 INTERNATIONAL SYMPOSIUM ON MULTIMEDIA AND COMMUNICATION TECHNOLOGY (ISMAC),2019,,"Also had this previously tagged as using a fitness heuristic. I guess i was interpretting his reporting of computational resources as being a fitness thing, but I dont feel thats appropriate any more ",Yes,Yes,Yes,No,Yes,No,No,No,No,No,No,No,No,No,No,No,No,No,No,No,Yes,No,No,No,No,No,No,No,Yes,No,No,No,No,No,No,Yes,No
"Kim, H; Lee, S; Lee, H; Hahn, T; Kang, S",Automatic Generation of Game Content using a Graph-based Wave Function Collapse Algorithm,2019 IEEE CONFERENCE ON GAMES (COG),2019,,Im saying no commercial game - cause even though they use it for Sudoku i no longer think thats a level,Yes,Yes,No,Yes (Automatic Generation of Game Content using a Graph-based Wave Function Collapse Algorithm),No,No,No,No,No,No,No,No,No,No,No,No,No,No,No,No,No,No,No,No,No,No,No,No,Yes,No,No,No,No,Yes,No,Yes,No
"de Lima, ES; Feijo, B; Furtado, AL",Procedural generation of branching quests for games,ENTERTAINMENT COMPUTING,2022,http://dx.doi.org/10.1016/j.entcom.2022.100491,,Yes,No,N/A,N/A,N/A,N/A,N/A,N/A,N/A,N/A,N/A,N/A,N/A,N/A,N/A,N/A,N/A,N/A,N/A,N/A,N/A,N/A,N/A,N/A,N/A,N/A,N/A,N/A,N/A,N/A,N/A,N/A,N/A,N/A,N/A,N/A,N/A
"Zafar, A; Mujtaba, H; Beg, MO",Search-based procedural content generation for GVG-LG,APPLIED SOFT COMPUTING,2020,http://dx.doi.org/10.1016/j.asoc.2019.105909,,Yes,Yes,Yes,No,No,No,No,No,No,No,No,Yes,No,No,No,Yes,No,No,No,No,No,Yes,No,No,No,No,No,Yes,No,No,Yes,No,No,Yes,No,No,Yes
"Brown, JA","Pitching Diablo On the development of marketing, procedural content, and narrative",ICGA JOURNAL,2018,http://dx.doi.org/10.3233/ICG-180066,,Yes,No,N/A,N/A,N/A,N/A,N/A,N/A,N/A,N/A,N/A,N/A,N/A,N/A,N/A,N/A,N/A,N/A,N/A,N/A,N/A,N/A,N/A,N/A,N/A,N/A,N/A,N/A,N/A,N/A,N/A,N/A,N/A,N/A,N/A,N/A,N/A
"Gravina, D; Khalifa, A; Liapis, A; Togelius, J; Yannakakis, GN",Procedural Content Generation through Quality Diversity,2019 IEEE CONFERENCE ON GAMES (COG),2019,,,Yes,No,N/A,N/A,N/A,N/A,N/A,N/A,N/A,N/A,N/A,N/A,N/A,N/A,N/A,N/A,N/A,N/A,N/A,N/A,N/A,N/A,N/A,N/A,N/A,N/A,N/A,N/A,N/A,N/A,N/A,N/A,N/A,N/A,N/A,N/A,N/A
"Abuzuraiq, AM; Ferguson, A; Pasquier, P",Taksim: A Constrained Graph Partitioning Framework for Procedural Content Generation,2019 IEEE CONFERENCE ON GAMES (COG),2019,,,Yes,Yes,No,No,No,No,No,No,No,No,No,No,No,No,No,No,No,No,No,No,No,No,No,No,No,No,No,Yes,No,No,No,No,Yes,No,No,Yes,No
"Zafar, A; Hassan, S; Uddin, QS",Corpus for Angry Birds Level Generation,"2019 2ND INTERNATIONAL CONFERENCE ON COMPUTING, MATHEMATICS AND ENGINEERING TECHNOLOGIES (ICOMET)",2019,,,Yes,No,N/A,N/A,N/A,N/A,N/A,N/A,N/A,N/A,N/A,N/A,N/A,N/A,N/A,N/A,N/A,N/A,N/A,N/A,N/A,N/A,N/A,N/A,N/A,N/A,N/A,N/A,N/A,N/A,N/A,N/A,N/A,N/A,N/A,N/A,N/A
"Petrovas, A; Bausys, R",Procedural Video Game Scene Generation by Genetic and Neutrosophic WASPAS Algorithms,APPLIED SCIENCES-BASEL,2022,http://dx.doi.org/10.3390/app12020772,,Yes,Yes,Yes,No,Yes,No,No,No,No,No,No,Yes,No,No,No,Yes,No,No,No,No,No,Yes,No,No,No,No,No,No,Yes,No,No,No,No,No,No,Yes,No
"de Pontes, RG; Gomes, HM",Evolutionary Procedural Content Generation for an Endless Platform Game,2020 19TH BRAZILIAN SYMPOSIUM ON COMPUTER GAMES AND DIGITAL ENTERTAINMENT (SBGAMES 2020),2020,http://dx.doi.org/10.1109/SBGames51465.2020.00021,,Yes,Yes,Yes,No,Yes,No,Yes,No,No,No,No,Yes,No,No,No,Yes,No,No,No,No,No,No,No,No,No,No,No,Yes,No,No,No,No,No,No,No,Yes,No
"Hooshyar, D; Yousefi, M; Lim, H",A Procedural Content Generation-Based Framework for Educational Games: Toward a Tailored Data-Driven Game for Developing Early English Reading Skills,JOURNAL OF EDUCATIONAL COMPUTING RESEARCH,2018,http://dx.doi.org/10.1177/0735633117706909,Not a level generator I actually think,Yes,No,N/A,N/A,N/A,N/A,N/A,N/A,N/A,N/A,N/A,N/A,N/A,N/A,N/A,N/A,N/A,N/A,N/A,N/A,N/A,N/A,N/A,N/A,N/A,N/A,N/A,N/A,N/A,N/A,N/A,N/A,N/A,N/A,N/A,N/A,N/A
"Matthews, EA; Gilbert, JE",ATLAS CHRONICLE: DEVELOPMENT AND VERIFICATION OF A SYSTEM FOR PROCEDURAL GENERATION OF STORY-DRIVEN GAMES,IADIS-INTERNATIONAL JOURNAL ON COMPUTER SCIENCE AND INFORMATION SYSTEMS,2020,,,Yes,Yes,Yes,Yes,No,Yes,No,No,No,No,No,No,Yes,No,No,No,No,Yes,No,No,No,No,No,No,No,No,No,Yes,No,No,No,No,No,No,No,Yes,Yes
"Calimeri, F; Germano, S; Ianni, G; Pacenza, F; Pezzimenti, A; Tucci, A",Answer Set Programming for Declarative Content Specification: A Scalable Partitioning-Based Approach,AI*IA 2018 - ADVANCES IN ARTIFICIAL INTELLIGENCE,2018,http://dx.doi.org/10.1007/978-3-030-03840-3_17,,No,N/A,N/A,N/A,N/A,N/A,N/A,N/A,N/A,N/A,N/A,N/A,N/A,N/A,N/A,N/A,N/A,N/A,N/A,N/A,N/A,N/A,N/A,N/A,N/A,N/A,N/A,N/A,N/A,N/A,N/A,N/A,N/A,N/A,N/A,N/A,N/A
"Nenad, M",Designing Game Worlds. Coherence In The Design Of Open World Games Through Procedural Generation Techniques,PROCEEDINGS OF THE 2018 ANNUAL SYMPOSIUM ON COMPUTER-HUMAN INTERACTION IN PLAY COMPANION EXTENDED ABSTRACTS (CHI PLAY 2018),2018,http://dx.doi.org/10.1145/3270316.3270319,,Yes,Yes,Yes,No,No,No,No,No,No,No,No,No,Yes,No,No,No,No,No,Yes,No,No,Yes,No,No,No,No,No,No,Yes,No,No,No,No,No,No,Yes,No
"Shi, PZ; Chen, K",Learning Constructive Primitives for Real-Time Dynamic Difficulty Adjustment in Super Mario Bros,IEEE TRANSACTIONS ON GAMES,2018,http://dx.doi.org/10.1109/TCIAIG.2017.2740210,,Yes,Yes,Yes,No,No,Yes,No,No,Yes,No,No,Yes,No,Yes,No,Yes,Yes,No,No,No,No,Yes,No,No,No,Yes,No,Yes,No,Yes,No,No,No,No,No,No,Yes
"Drageset, O; Winands, MHM; Gaina, RD; Perez-Liebana, D",Optimising Level Generators for General Video Game AI,2019 IEEE CONFERENCE ON GAMES (COG),2019,,,Yes,Yes,Yes,No,Yes,No,No,No,Yes,No,No,No,No,Yes,No,Yes,No,No,No,No,Yes,Yes,No,No,No,No,No,Yes,No,No,Yes,No,No,Yes,No,No,Yes
"Irfan, A; Zafar, A; Hassan, S",Evolving Levels for General Games Using Deep Convolutional Generative Adversarial Networks,2019 11TH COMPUTER SCIENCE AND ELECTRONIC ENGINEERING (CEEC),2019,,,Yes,Yes,Yes,No,No,No,No,No,No,No,No,No,No,Yes,No,No,Yes,No,No,No,No,No,No,No,No,No,No,Yes,No,No,Yes,No,Yes,Yes,No,No,Yes
"Holmgard, C; Green, MC; Liapis, A; Togelius, J",Automated Playtesting With Procedural Personas Through MCTS With Evolved Heuristics,IEEE TRANSACTIONS ON GAMES,2019,http://dx.doi.org/10.1109/TG.2018.2808198,,Yes,No,N/A,N/A,N/A,N/A,N/A,N/A,N/A,N/A,N/A,N/A,N/A,N/A,N/A,N/A,N/A,N/A,N/A,N/A,N/A,N/A,N/A,N/A,N/A,N/A,N/A,N/A,N/A,N/A,N/A,N/A,N/A,N/A,N/A,N/A,N/A
"Flimmel, J; Gemrot, J; Cerny, V",Coevolution of AI and Level Generators for Super Mario Game,2021 IEEE CONGRESS ON EVOLUTIONARY COMPUTATION (CEC 2021),2021,http://dx.doi.org/10.1109/CEC45853.2021.9504742,,Yes,Yes,Yes,No,Yes,No,No,No,No,Yes,No,Yes,No,Yes,No,Yes,No,No,No,No,No,Yes,No,No,No,No,No,Yes,No,Yes,No,No,No,No,No,No,Yes
"Summerville, A; Snodgrass, S; Guzdial, M; Holmgard, C; Hoover, AK; Isaksen, A; Nealen, A; Togelius, J",Procedural Content Generation via Machine Learning (PCGML),IEEE TRANSACTIONS ON GAMES,2018,http://dx.doi.org/10.1109/TG.2018.2846639,,Yes,No,N/A,N/A,N/A,N/A,N/A,N/A,N/A,N/A,N/A,N/A,N/A,N/A,N/A,N/A,N/A,N/A,N/A,N/A,N/A,N/A,N/A,N/A,N/A,N/A,N/A,N/A,N/A,N/A,N/A,N/A,N/A,N/A,N/A,N/A,N/A
"Kruse, J; Connor, AM; Marks, S",Evaluation of a Multi-agent Human-in-the-loop Game Design System,ACM TRANSACTIONS ON INTERACTIVE INTELLIGENT SYSTEMS,2022,http://dx.doi.org/10.1145/3531009,"This is the first study to use hardcore quanty methods for user studies, like eye tracking - could this require alt categories?",Yes,Yes,Yes,No,No,Yes,No,No,No,No,No,No,No,No,Yes,No,No,No,Yes,Yes,No,No,No,No,No,No,No,No,Yes,No,No,No,No,No,No,Yes,No
"Hooshyar, D; Yousefi, M; Wang, M; Lim, H",A data-driven procedural-content-generation approach for educational games,JOURNAL OF COMPUTER ASSISTED LEARNING,2018,http://dx.doi.org/10.1111/jcal.12280,Same project as 'A Procedural Content Generation-Based Framework for Educational Games' - Not sure its a level generator either,Yes,No,N/A,N/A,N/A,N/A,N/A,N/A,N/A,N/A,N/A,N/A,N/A,N/A,N/A,N/A,N/A,N/A,N/A,N/A,N/A,N/A,N/A,N/A,N/A,N/A,N/A,N/A,N/A,N/A,N/A,N/A,N/A,N/A,N/A,N/A,N/A
"Capasso-Ballesteros, IF; De la Rosa, F",Generating Automated Rules-Based Game Design Prototypes with MaruGen,2019 INTERNATIONAL CONFERENCE ON VIRTUAL REALITY AND VISUALIZATION (ICVRV),2019,http://dx.doi.org/10.1109/ICVRV47840.2019.00034,,Yes,No,N/A,N/A,N/A,N/A,N/A,N/A,N/A,N/A,N/A,N/A,N/A,N/A,N/A,N/A,N/A,N/A,N/A,N/A,N/A,N/A,N/A,N/A,N/A,N/A,N/A,N/A,N/A,N/A,N/A,N/A,N/A,N/A,N/A,N/A,N/A
"Moreno-Armendariz, MA; Calvo, H; Torres-Leon, JA; Duchanoy, CA",IORand: A Procedural Videogame Level Generator Based on a Hybrid PCG Algorithm,APPLIED SCIENCES-BASEL,2022,http://dx.doi.org/10.3390/app12083792,ERA but not called ERA,Yes,Yes,Yes,No,No,No,Yes,No,No,No,No,Yes,No,Yes,No,Yes,Yes,No,No,No,No,No,Yes,No,No,No,No,Yes,No,No,No,No,No,No,No,Yes,No
"Chia, A",The artist and the automaton in digital game production,CONVERGENCE-THE INTERNATIONAL JOURNAL OF RESEARCH INTO NEW MEDIA TECHNOLOGIES,2022,http://dx.doi.org/10.1177/13548565221076434,,Yes,No,N/A,N/A,N/A,N/A,N/A,N/A,N/A,N/A,N/A,N/A,N/A,N/A,N/A,N/A,N/A,N/A,N/A,N/A,N/A,N/A,N/A,N/A,N/A,N/A,N/A,N/A,N/A,N/A,N/A,N/A,N/A,N/A,N/A,N/A,N/A
"Zafar, A; Mujtaba, H; Beg, O",Procedural Content Generation for General Video Game Level Generation,INTELIGENCIA ARTIFICIAL-IBEROAMERICAL JOURNAL OF ARTIFICIAL INTELLIGENCE,2021,http://dx.doi.org/10.4114/intartif.vol24iss68pp33-36,,Yes,Yes,Yes,No,No,No,No,No,No,No,No,Yes,No,No,No,Yes,No,No,No,No,No,Yes,No,No,No,No,No,Yes,No,No,Yes,No,Yes,Yes,No,No,Yes
"Frommel, J; Puschmann, D; Rogers, K; Weber, M",Take Back Control: Effects of Player Influence on Procedural Level Generation,CHI PLAY'19: EXTENDED ABSTRACTS OF THE ANNUAL SYMPOSIUM ON COMPUTER-HUMAN INTERACTION IN PLAY,2019,http://dx.doi.org/10.1145/3341215.3356288,,Yes,Yes,Yes,No,No,Yes,Yes,No,No,No,No,No,Yes,No,Yes,No,No,Yes,No,No,No,No,No,No,No,No,No,No,Yes,No,No,No,No,No,No,Yes,No
"Risi, S; Togelius, J",Increasing generality in machine learning through procedural content generation,NATURE MACHINE INTELLIGENCE,2020,http://dx.doi.org/10.1038/s42256-020-0208-z,,Yes,No,N/A,N/A,N/A,N/A,N/A,N/A,N/A,N/A,N/A,N/A,N/A,N/A,N/A,N/A,N/A,N/A,N/A,N/A,N/A,N/A,N/A,N/A,N/A,N/A,N/A,N/A,N/A,N/A,N/A,N/A,N/A,N/A,N/A,N/A,N/A
"Kim, Y; Choi, S",Vision-based beatmap extraction in rhythm game toward platform-aware note generation,2021 IEEE CONFERENCE ON GAMES (COG),2021,http://dx.doi.org/10.1109/COG52621.2021.9619108,,Yes,No,N/A,N/A,N/A,N/A,N/A,N/A,N/A,N/A,N/A,N/A,N/A,N/A,N/A,N/A,N/A,N/A,N/A,N/A,N/A,N/A,N/A,N/A,N/A,N/A,N/A,N/A,N/A,N/A,N/A,N/A,N/A,N/A,N/A,N/A,N/A
"Prager, RP; Troost, L; Bruggenjurgen, S; Melhart, D; Yannakakis, G; Preuss, M",An Experiment on Game Facet Combination,2019 IEEE CONFERENCE ON GAMES (COG),2019,,,Yes,No,N/A,N/A,N/A,N/A,N/A,N/A,N/A,N/A,N/A,N/A,N/A,N/A,N/A,N/A,N/A,N/A,N/A,N/A,N/A,N/A,N/A,N/A,N/A,N/A,N/A,N/A,N/A,N/A,N/A,N/A,N/A,N/A,N/A,N/A,N/A
"Sifa, R; Yawar, R; Ramamurthy, R; Bauckhage, C; Kersting, K",Matrix- and Tensor Factorization for Game Content Recommendation,KUNSTLICHE INTELLIGENZ,2020,http://dx.doi.org/10.1007/s13218-019-00620-2,,Yes,No,N/A,N/A,N/A,N/A,N/A,N/A,N/A,N/A,N/A,N/A,N/A,N/A,N/A,N/A,N/A,N/A,N/A,N/A,N/A,N/A,N/A,N/A,N/A,N/A,N/A,N/A,N/A,N/A,N/A,N/A,N/A,N/A,N/A,N/A,N/A
"Kholimi, AS; Hamdani, A; Husniah, L",Automatic Game World Generation for Platformer Games Using Genetic Algorithm,"2018 5TH INTERNATIONAL CONFERENCE ON ELECTRICAL ENGINEERING, COMPUTER SCIENCE AND INFORMATICS (EECSI 2018)",2018,,,Yes,Yes,Yes,No,No,No,Yes,No,No,No,No,Yes,No,No,No,Yes,Yes,No,No,No,No,No,No,No,No,Yes,No,Yes,No,No,No,No,No,No,No,Yes,No
"Bontrager, P; Togelius, J",Learning to Generate Levels From Nothing,2021 IEEE CONFERENCE ON GAMES (COG),2021,http://dx.doi.org/10.1109/COG52621.2021.9619131,,Yes,Yes,Yes,No,No,No,No,Yes,No,No,No,No,No,Yes,No,Yes,No,No,No,No,No,Yes,No,No,No,No,No,Yes,No,No,Yes,No,Yes,No,No,No,Yes
"Berwaldt, NLP; Bettker, RV; Pozzer, CT",Procedural Generation of Favela Layouts on Arbitrary Terrains,2020 19TH BRAZILIAN SYMPOSIUM ON COMPUTER GAMES AND DIGITAL ENTERTAINMENT (SBGAMES 2020),2020,http://dx.doi.org/10.1109/SBGames51465.2020.00027,,Yes,Yes,Yes,No,Yes,No,No,No,No,No,No,No,No,No,No,No,No,No,No,No,Yes,Yes,No,No,No,No,No,No,Yes,No,No,No,No,No,No,Yes,No
"Lazaridis, L; Kollias, KF; Maraslidis, G; Michailidis, H; Papatsimouli, M; Fragulis, GF",Auto Generating Maps in a 2D Environment,"HCI IN GAMES, HCI-GAMES 2022",2022,http://dx.doi.org/10.1007/978-3-031-05637-6_3,,No,N/A,N/A,N/A,N/A,N/A,N/A,N/A,N/A,N/A,N/A,N/A,N/A,N/A,N/A,N/A,N/A,N/A,N/A,N/A,N/A,N/A,N/A,N/A,N/A,N/A,N/A,N/A,N/A,N/A,N/A,N/A,N/A,N/A,N/A,N/A,N/A
"Lamers, MH; van Eck, WJOM",Microbial Content Generation for Natural Terrains in Computer Games,FRONTIERS IN COMPUTER SCIENCE,2022,http://dx.doi.org/10.3389/fcomp.2022.826412,Using real life microbes to PCG levels?,Yes,Yes,Yes,No,No,No,No,No,No,No,No,No,No,No,No,No,No,No,No,No,No,Yes,No,No,No,No,No,No,Yes,No,No,No,No,No,No,Yes,No
"Young, JC; Saptawijaya, A",Incremental Inductive Learning of Answer Set Programs for Maps Generation Problems,2019 11TH INTERNATIONAL CONFERENCE ON ADVANCED COMPUTER SCIENCE AND INFORMATION SYSTEMS (ICACSIS 2019),2019,,,Yes,Yes,Yes,No,No,No,No,No,No,No,No,No,No,No,No,No,No,No,No,No,No,No,No,No,No,Yes,No,Yes,No,No,No,No,No,No,No,Yes,No
"Cook, M; Gow, J; Smith, G; Colton, S",Danesh: Interactive Tools for Understanding Procedural Content Generators,IEEE TRANSACTIONS ON GAMES,2022,http://dx.doi.org/10.1109/TG.2021.3078323,,Yes,No,N/A,N/A,N/A,N/A,N/A,N/A,N/A,N/A,N/A,N/A,N/A,N/A,N/A,N/A,N/A,N/A,N/A,N/A,N/A,N/A,N/A,N/A,N/A,N/A,N/A,N/A,N/A,N/A,N/A,N/A,N/A,N/A,N/A,N/A,N/A
"Mora, C; Jardim, S; Valente, J",Flora Generation and Evolution Algorithm for Virtual Environments,PROCEEDINGS OF 2021 16TH IBERIAN CONFERENCE ON INFORMATION SYSTEMS AND TECHNOLOGIES (CISTI'2021),2021,,,Yes,No,N/A,N/A,N/A,N/A,N/A,N/A,N/A,N/A,N/A,N/A,N/A,N/A,N/A,N/A,N/A,N/A,N/A,N/A,N/A,N/A,N/A,N/A,N/A,N/A,N/A,N/A,N/A,N/A,N/A,N/A,N/A,N/A,N/A,N/A,N/A
"El-Habr, C; Garcia, X; Paliyawan, P; Thawonmas, R",Runner: A 2D platform game for physical health promotion,SOFTWAREX,2019,http://dx.doi.org/10.1016/j.softx.2019.100329,,Yes,Yes,Yes,No,No,Yes,No,No,No,No,No,No,Yes,No,No,No,No,No,No,No,No,No,No,No,No,Yes,No,Yes,No,No,No,No,No,No,No,Yes,No
"Jiang, ZY; Sweetser, P",GAN-Assisted YUV Pixel Art Generation,AI 2021: ADVANCES IN ARTIFICIAL INTELLIGENCE,2022,http://dx.doi.org/10.1007/978-3-030-97546-3_48,,Yes,No,N/A,N/A,N/A,N/A,N/A,N/A,N/A,N/A,N/A,N/A,N/A,N/A,N/A,N/A,N/A,N/A,N/A,N/A,N/A,N/A,N/A,N/A,N/A,N/A,N/A,N/A,N/A,N/A,N/A,N/A,N/A,N/A,N/A,N/A,N/A
"Franco, AOR; Franco, W; Maia, JGR; Franklin, M",Generating Rooms using Generative Grammars and Genetic Algorithms,2022 21ST BRAZILIAN SYMPOSIUM ON COMPUTER GAMES AND DIGITAL ENTERTAINMENT (SBGAMES),2022,http://dx.doi.org/10.1109/SBGAMES56371.2022.9961112,"Reference is made to a 7 person focus group, but no mention of what they did",Yes,Yes,Yes,No,Yes,No,Yes,No,No,No,No,Yes,No,No,Yes,Yes,No,No,No,No,Yes,No,No,No,No,No,No,Yes,No,No,No,No,No,No,No,Yes,Yes
"Grichshenko, A; de Araujo, LJP; Gimaeva, S; Brown, JA",Using Tabu Search Algorithm for Map Generation in the Terra Mystica Tabletop Game,"2020 4TH INTERNATIONAL CONFERENCE ON INTELLIGENT SYSTEMS, METAHEURISTICS & SWARM INTELLIGENCE (ISMSI 2020)",2020,http://dx.doi.org/10.1145/3396474.3396492,"Intended for a non-digital game, but still done digitally",Yes,Yes,Yes,No,No,No,Yes,No,No,No,Yes,Yes,No,No,No,Yes,Yes,No,No,No,No,No,No,No,No,No,No,Yes,No,No,No,No,No,No,Yes,No,No
"Bernardi, A; Gadia, D; Maggiorini, D; Ripamonti, LA",USING A GENETIC ALGORITHM FOR THE PROCEDURAL GENERATION OF LAYERED MATERIALS FOR REAL-TIME RENDERING,20TH INTERNATIONAL CONFERENCE ON INTELLIGENT GAMES AND SIMULATION (GAME-ON 2019),2019,,,Yes,No,N/A,N/A,N/A,N/A,N/A,N/A,N/A,N/A,N/A,N/A,N/A,N/A,N/A,N/A,N/A,N/A,N/A,N/A,N/A,N/A,N/A,N/A,N/A,N/A,N/A,N/A,N/A,N/A,N/A,N/A,N/A,N/A,N/A,N/A,N/A
"Capasso-Ballesteros, IF; De La Rosa-Rosero, F",Semi-automatic construction of video game design prototypes with MaruGen,REVISTA FACULTAD DE INGENIERIA-UNIVERSIDAD DE ANTIOQUIA,2021,http://dx.doi.org/10.17533/udea.redin.20200369,,Yes,Yes,Yes,No,No,No,No,No,No,No,No,No,Yes,No,No,No,No,No,Yes,No,No,No,No,No,No,No,No,No,Yes,No,No,No,No,No,No,Yes,No
"Miller, H; Dighe, M; Martens, C; Jhala, A",Crafting Interactive Narrative Games with Adversarial Planning Agents from Simulations,"INTERACTIVE STORYTELLING, ICIDS 2020",2020,http://dx.doi.org/10.1007/978-3-030-62516-0_4,,Yes,No,N/A,N/A,N/A,N/A,N/A,N/A,N/A,N/A,N/A,N/A,N/A,N/A,N/A,N/A,N/A,N/A,N/A,N/A,N/A,N/A,N/A,N/A,N/A,N/A,N/A,N/A,N/A,N/A,N/A,N/A,N/A,N/A,N/A,N/A,N/A
"Bernardi, A; Gadia, D; Maggiorini, D; Palazzi, CE; Ripamonti, LA",Procedural generation of materials for real-time rendering,MULTIMEDIA TOOLS AND APPLICATIONS,2021,http://dx.doi.org/10.1007/s11042-020-09141-9,,Yes,No,N/A,N/A,N/A,N/A,N/A,N/A,N/A,N/A,N/A,N/A,N/A,N/A,N/A,N/A,N/A,N/A,N/A,N/A,N/A,N/A,N/A,N/A,N/A,N/A,N/A,N/A,N/A,N/A,N/A,N/A,N/A,N/A,N/A,N/A,N/A
"Du, Y; Li, J; Hou, X; Lu, HT; Liu, SC; Guo, XH; Yang, KH; Tang, QT",Automatic level Generation for Tower Defense Games,"PROCEEDINGS OF 2019 IEEE 3RD INFORMATION TECHNOLOGY, NETWORKING, ELECTRONIC AND AUTOMATION CONTROL CONFERENCE (ITNEC 2019)",2019,,Funny one. Playability is confirmed during generation but not looked at on evaluation. Only 3 levels generated but their traits arent really discussed,Yes,Yes,Yes,Yes,Yes,No,Yes,No,No,No,Yes,Yes,Yes,Yes,No,No,No,No,Yes,No,No,Yes,No,No,No,Yes,No,Yes,No,No,No,No,No,No,Yes,No,No
"Wu, ZH; Lai, K; Lin, LA; Huang, MH; Tai, WK",Procedurally Generating Game Level with Specified Difficulty,"2018 IEEE GAMES, ENTERTAINMENT, MEDIA CONFERENCE (GEM)",2018,,,Yes,Yes,Yes,No,Yes,No,Yes,No,No,No,No,Yes,No,No,No,Yes,No,No,No,No,Yes,Yes,No,No,No,Yes,No,Yes,No,No,No,No,No,No,Yes,No,No
"Ripamonti, LA; Distefano, F; Trubian, M; Maggiorini, D; Gadia, D",DRAGON: diversity regulated adaptive generator online,MULTIMEDIA TOOLS AND APPLICATIONS,2021,http://dx.doi.org/10.1007/s11042-021-10620-w,,Yes,No,N/A,N/A,N/A,N/A,N/A,N/A,N/A,N/A,N/A,N/A,N/A,N/A,N/A,N/A,N/A,N/A,N/A,N/A,N/A,N/A,N/A,N/A,N/A,N/A,N/A,N/A,N/A,N/A,N/A,N/A,N/A,N/A,N/A,N/A,N/A
"Khalifa, A; Green, MC; Barros, G; Togelius, J",Intentional Computational Level Design,PROCEEDINGS OF THE 2019 GENETIC AND EVOLUTIONARY COMPUTATION CONFERENCE (GECCO'19),2019,http://dx.doi.org/10.1145/3321707.3321849,"Alt testing agents == different parameterisation, or alternative algorithm?",Yes,Yes,Yes,No,Yes,No,Yes,No,No,No,No,No,No,Yes,No,Yes,No,No,No,No,No,Yes,No,No,Yes,Yes,No,Yes,No,Yes,No,No,No,No,No,No,Yes
"Oikawa, T; Hsueh, CH; Ikeda, K",Improving Human Players' T-Spin Skills in Tetris with Procedural Problem Generation,"ADVANCES IN COMPUTER GAMES, ACG 2019",2020,http://dx.doi.org/10.1007/978-3-030-65883-0_4,Only found at docplayer: https://docplayer.net/151608695-Improving-human-players-t-spin-skills-in-tetris-with-procedural-problem-generation.html,Yes,Yes,Yes,No,No,Yes,Yes,No,No,No,No,No,Yes,No,No,No,No,No,No,No,No,No,No,No,No,Yes,No,Yes,No,No,No,No,No,No,Yes,No,No
"Nielsen, TL; Rafferty, EI; Schoenau-Fog, H; Palamas, G",Embedded Narratives in Procedurally Generated Environments,"INTERACTIVE STORYTELLING, ICIDS 2020",2020,http://dx.doi.org/10.1007/978-3-030-62516-0_3,,Yes,Yes,Yes,No,No,Yes,No,No,No,No,No,No,Yes,No,No,No,No,Yes,Yes,No,No,No,No,No,No,No,No,Yes,No,No,No,No,No,No,No,Yes,No
"Catarino, J; Martinho, C",Procedural Progression Model for Smash Time,2019 IEEE CONFERENCE ON GAMES (COG),2019,,,Yes,Yes,Yes,No,No,Yes,No,No,No,No,No,No,Yes,No,No,No,No,Yes,No,No,No,No,No,No,No,Yes,No,Yes,No,No,No,No,No,No,Yes,No,No
"Hollingsworth, B; Schrum, J",Infinite Art Gallery: A Game World of Interactively Evolved Artwork,2019 IEEE CONGRESS ON EVOLUTIONARY COMPUTATION (CEC),2019,,,Yes,Yes,Yes,No,No,No,No,No,No,No,No,No,Yes,No,No,No,No,No,Yes,No,No,No,No,No,No,No,No,No,Yes,No,No,No,No,No,No,Yes,No
"Nam, S; Ikeda, K",Generation of Diverse Stages in Turn-Based RolePlaying Game using Reinforcement Learning,2019 IEEE CONFERENCE ON GAMES (COG),2019,,They show plots that are a bit like ERA - but its fitness function against Q score ( a RL thing ) - which im not sure is ERA,Yes,Yes,Yes,No,No,No,No,Yes,No,No,No,Yes,No,No,No,Yes,No,No,No,No,No,No,Yes,No,No,No,No,Yes,No,No,No,No,No,No,No,Yes,No
"Liu, SM; Li, CR; Li, Y; Ma, H; Hou, X; Shen, YM; Wang, LC; Chen, Z; Guo, XH; Lu, HT; Du, Y; Tang, QT",Automatic generation of tower defense levels using PCG,PROCEEDINGS OF THE 14TH INTERNATIONAL CONFERENCE ON THE FOUNDATIONS OF DIGITAL GAMES (FDG'19),2019,http://dx.doi.org/10.1145/3337722.3337723,This is the same system as 'Automatic level Generation for Tower Defense Games' - Different conference and reorganised author list though,Yes,Yes,Yes,Yes,Yes,Yes,No,No,No,No,Yes,No,Yes,Yes,No,Yes,No,No,Yes,No,Yes,No,No,No,No,No,No,Yes,No,No,No,No,No,No,Yes,No,No
"Galanina, E; Vetushinskiy, A",DESIGNING EDUCATIONAL GAMES TO TEACH PHILOSOPHY: CASE STUDY,EDULEARN19: 11TH INTERNATIONAL CONFERENCE ON EDUCATION AND NEW LEARNING TECHNOLOGIES,2019,,,Yes,No,N/A,N/A,N/A,N/A,N/A,N/A,N/A,N/A,N/A,N/A,N/A,N/A,N/A,N/A,N/A,N/A,N/A,N/A,N/A,N/A,N/A,N/A,N/A,N/A,N/A,N/A,N/A,N/A,N/A,N/A,N/A,N/A,N/A,N/A,N/A
"Guckelsberger, C; Salge, C; Togelius, J",New And Surprising Ways to Be Mean,PROCEEDINGS OF THE 2018 IEEE CONFERENCE ON COMPUTATIONAL INTELLIGENCE AND GAMES (CIG'18),2018,,,Yes,No,N/A,N/A,N/A,N/A,N/A,N/A,N/A,N/A,N/A,N/A,N/A,N/A,N/A,N/A,N/A,N/A,N/A,N/A,N/A,N/A,N/A,N/A,N/A,N/A,N/A,N/A,N/A,N/A,N/A,N/A,N/A,N/A,N/A,N/A,N/A
"Schaa, H; Barriga, NA",Generating Entertaining Human-Like Sokoban Initial States,2021 40TH INTERNATIONAL CONFERENCE OF THE CHILEAN COMPUTER SCIENCE SOCIETY (SCCC),2021,http://dx.doi.org/10.1109/SCCC54552.2021.9650431,,No (Not in English),N/A,N/A,N/A,N/A,N/A,N/A,N/A,N/A,N/A,N/A,N/A,N/A,N/A,N/A,N/A,N/A,N/A,N/A,N/A,N/A,N/A,N/A,N/A,N/A,N/A,N/A,N/A,N/A,N/A,N/A,N/A,N/A,N/A,N/A,N/A,N/A
"Lelis, LHS; Reis, WMP; Gal, Y",Procedural Generation of Game Maps With Human-in-the-Loop Algorithms,IEEE TRANSACTIONS ON GAMES,2018,http://dx.doi.org/10.1109/TG.2017.2783361,,Yes,Yes,Yes,No,No,No,Yes,Yes,Yes,No,No,Yes,Yes,No,No,No,No,No,Yes,No,No,No,No,No,Yes,No,No,Yes,No,Yes,No,No,No,No,No,No,Yes
"Levus, Y; Westermann, R; Morozov, M; Morayskyi, R; Pustelnyk, P",Using Software Agents in a Distributed Computing System for Procedural Planetoid Terrain Generation,2022 IEEE 17TH INTERNATIONAL CONFERENCE ON COMPUTER SCIENCES AND INFORMATION TECHNOLOGIES (CSIT),2022,http://dx.doi.org/10.1109/CSIT56902.2022.10000868,,Yes,Yes,Yes,No,Yes,No,No,No,Yes,No,No,No,No,No,No,No,No,No,No,No,Yes,No,No,No,No,No,No,No,Yes,No,No,No,No,No,No,No,Yes
"Werneck, M; Clua, EWG",Generating Procedural Dungeons Using Machine Learning Methods,2020 19TH BRAZILIAN SYMPOSIUM ON COMPUTER GAMES AND DIGITAL ENTERTAINMENT (SBGAMES 2020),2020,http://dx.doi.org/10.1109/SBGames51465.2020.00022,Lists training time - but with no other hardware details cant give the points for computational resources,Yes,Yes,Yes,No,Yes,Yes,No,No,No,No,No,No,Yes,No,No,No,No,No,Yes,No,Yes,Yes,No,No,No,No,No,Yes,No,No,No,No,No,No,No,Yes,No
"Aliprandi, F; Nobre, RA; Ripamonti, LA; Gadia, D; Maggiorini, D","Find, Fuse, Fight: Genetic Algorithms to Provide Engaging Content for Multiplayer Augmented Reality Games","EXTENDED REALITY, XR SALENTO 2022, PT II",2022,http://dx.doi.org/10.1007/978-3-031-15553-6_14,,Yes,Yes,Yes,No,Yes,No,No,No,No,No,No,No,No,No,No,No,No,No,No,No,Yes,No,No,No,No,No,No,No,Yes,No,No,No,No,No,No,Yes,No
"Yahya, NMHH; Fabroyir, H; Herumurti, D; Kuswardayan, I; Arifiani, S",Dungeon's Room Generation Using Cellular Automata and Poisson Disk Sampling in Roguelike Game,PROCEEDINGS OF 2021 13TH INTERNATIONAL CONFERENCE ON INFORMATION & COMMUNICATION TECHNOLOGY AND SYSTEM (ICTS),2021,http://dx.doi.org/10.1109/ICTS52701.2021.9608037,,Yes,Yes,Yes,No,No,No,No,No,No,No,No,No,No,No,No,No,No,No,No,No,Yes,No,No,No,No,No,No,Yes,No,No,No,No,No,No,No,Yes,No
"De Kegel, B; Haahr, M",Procedural Puzzle Generation: A Survey,IEEE TRANSACTIONS ON GAMES,2020,http://dx.doi.org/10.1109/TG.2019.2917792,,Yes,No,N/A,N/A,N/A,N/A,N/A,N/A,N/A,N/A,N/A,N/A,N/A,N/A,N/A,N/A,N/A,N/A,N/A,N/A,N/A,N/A,N/A,N/A,N/A,N/A,N/A,N/A,N/A,N/A,N/A,N/A,N/A,N/A,N/A,N/A,N/A
"Rodrigues, L; Brancher, J",Procedurally generating a digital math game's levels: Does it impact players' in-game behavior?,ENTERTAINMENT COMPUTING,2019,http://dx.doi.org/10.1016/j.entcom.2019.100325,,Yes,Yes,Yes,No,No,No,No,No,No,No,No,No,Yes,No,No,No,No,No,No,No,No,No,No,No,No,No,No,Yes,No,No,No,No,No,No,No,No,Yes
"Volz, V; Justesen, N; Snodgrass, S; Asadi, S; Purmonen, S; Holmgard, C; Togelius, J; Risi, S",Capturing Local and Global Patterns in Procedural Content Generation via Machine Learning,2020 IEEE CONFERENCE ON GAMES (IEEE COG 2020),2020,,,Yes,Yes,Yes,No,No,No,No,Yes,No,No,Yes,Yes,Yes,No,No,Yes,No,No,No,No,No,Yes,Yes,No,No,No,No,Yes,No,No,No,No,No,No,Yes,No,No
"Mobramaein, A; Whitehead, J",A Methodology for Designing Natural Language Interfaces for Procedural Content Generation,PROCEEDINGS OF THE 14TH INTERNATIONAL CONFERENCE ON THE FOUNDATIONS OF DIGITAL GAMES (FDG'19),2019,http://dx.doi.org/10.1145/3337722.3341860,Counting Unity Plugin as a commercial game? - Nah,Yes,Yes,No,No,No,No,No,No,No,No,No,No,No,No,No,No,No,No,No,No,No,No,No,No,No,No,No,No,Yes,No,No,No,No,No,No,Yes,No
"Handoko, E; Gunawan, D",Parabolix: Educational Simulation Game on Classical Mechanics Based on Virtual Reality and Perlin Noise Algorithm,PROCEEDINGS OF 2019 5TH INTERNATIONAL CONFERENCE ON NEW MEDIA STUDIES (CONMEDIA 2019),2019,,Uses the 'System Usability Scale',Yes,Yes,Yes,No,No,No,No,No,No,No,No,No,Yes,No,No,No,No,Yes,No,No,No,No,No,No,No,No,No,No,Yes,No,No,No,No,No,No,Yes,No
"Smith, AM; Shapiro, D",Teaching Game AI as an Undergraduate Course in Computational Media,"THIRTY-FOURTH AAAI CONFERENCE ON ARTIFICIAL INTELLIGENCE, THE THIRTY-SECOND INNOVATIVE APPLICATIONS OF ARTIFICIAL INTELLIGENCE CONFERENCE AND THE TENTH AAAI SYMPOSIUM ON EDUCATIONAL ADVANCES IN ARTIFICIAL INTELLIGENCE",2020,,"NPCs, not levels",Yes,No,N/A,N/A,N/A,N/A,N/A,N/A,N/A,N/A,N/A,N/A,N/A,N/A,N/A,N/A,N/A,N/A,N/A,N/A,N/A,N/A,N/A,N/A,N/A,N/A,N/A,N/A,N/A,N/A,N/A,N/A,N/A,N/A,N/A,N/A,N/A
"Soares, ES; Bulitko, V",Deep Variational Autoencoders for NPC Behaviour Classification,2019 IEEE CONFERENCE ON GAMES (COG),2019,,"NPCs, not levels",Yes,No,N/A,N/A,N/A,N/A,N/A,N/A,N/A,N/A,N/A,N/A,N/A,N/A,N/A,N/A,N/A,N/A,N/A,N/A,N/A,N/A,N/A,N/A,N/A,N/A,N/A,N/A,N/A,N/A,N/A,N/A,N/A,N/A,N/A,N/A,N/A
"Ashley, DR; Chockalingam, V; Kuzma, B; Bulitko, V",Learning to Select Mates in Evolving Non-playable Characters,2019 IEEE CONFERENCE ON GAMES (COG),2019,,,Yes,No,N/A,N/A,N/A,N/A,N/A,N/A,N/A,N/A,N/A,N/A,N/A,N/A,N/A,N/A,N/A,N/A,N/A,N/A,N/A,N/A,N/A,N/A,N/A,N/A,N/A,N/A,N/A,N/A,N/A,N/A,N/A,N/A,N/A,N/A,N/A
"Volz, V",Uncertainty Handling in Surrogate Assisted Optimisation of Games Dissertation Abstract,KUNSTLICHE INTELLIGENZ,2020,http://dx.doi.org/10.1007/s13218-019-00613-1,Dissertation - not a paper,Yes,No,N/A,N/A,N/A,N/A,N/A,N/A,N/A,N/A,N/A,N/A,N/A,N/A,N/A,N/A,N/A,N/A,N/A,N/A,N/A,N/A,N/A,N/A,N/A,N/A,N/A,N/A,N/A,N/A,N/A,N/A,N/A,N/A,N/A,N/A,N/A
"Latif, A; Zuhairi, MF; Khan, FQ; Randhawa, P; Patel, A",A Critical Evaluation of Procedural Content Generation Approaches for Digital Twins,JOURNAL OF SENSORS,2022,http://dx.doi.org/10.1155/2022/5629645,,Yes,No,N/A,N/A,N/A,N/A,N/A,N/A,N/A,N/A,N/A,N/A,N/A,N/A,N/A,N/A,N/A,N/A,N/A,N/A,N/A,N/A,N/A,N/A,N/A,N/A,N/A,N/A,N/A,N/A,N/A,N/A,N/A,N/A,N/A,N/A,N/A
"Volkmar, G; Mahlmann, N; Malaka, R",Procedural Content Generation in Competitive Multiplayer Platform Games,"ENTERTAINMENT COMPUTING AND SERIOUS GAMES, ICEC-JCSG 2019",2019,http://dx.doi.org/10.1007/978-3-030-34644-7_18,4 participants in user study -  a new low!,Yes,Yes,Yes,No,No,No,No,No,No,No,No,No,Yes,No,No,No,No,No,Yes,No,Yes,No,No,No,No,No,No,Yes,No,No,No,No,No,No,No,Yes,No
"Ma, LB; Cheng, S; Shi, ML; Guo, YA",Angle-Based Multi-Objective Evolutionary Algorithm Based On Pruning-Power Indicator for Game Map Generation,IEEE TRANSACTIONS ON EMERGING TOPICS IN COMPUTATIONAL INTELLIGENCE,2022,http://dx.doi.org/10.1109/TETCI.2021.3067104,,Yes,Yes,Yes,No,No,No,No,Yes,Yes,No,No,Yes,Yes,No,No,Yes,Yes,No,Yes,No,No,No,No,No,No,No,No,No,Yes,No,No,No,No,No,Yes,No,No
"de Pontes, RG; Gomes, HM; Seabra, IS",Particle swarm optimization for procedural content generation in an endless platform game,ENTERTAINMENT COMPUTING,2022,http://dx.doi.org/10.1016/j.entcom.2022.100496,,Yes,Yes,Yes,No,Yes,No,Yes,Yes,No,No,No,Yes,No,No,No,Yes,No,No,No,No,Yes,No,No,No,No,No,No,Yes,No,No,No,No,No,No,No,No,Yes
"Karavolos, D; Liapis, A; Yannakakis, G",A Multifaceted Surrogate Model for Search-Based Procedural Content Generation,IEEE TRANSACTIONS ON GAMES,2021,http://dx.doi.org/10.1109/TG.2019.2931044,Used AI Simulation to get their traits,Yes,Yes,Yes,No,No,No,No,Yes,No,No,No,No,No,Yes,No,Yes,No,No,No,No,No,No,No,No,No,Yes,No,No,Yes,No,No,No,No,No,No,No,Yes
"Shu, TY; Liu, JL; Yannakakis, GN",Experience-Driven PCG via Reinforcement Learning: A Super Mario Bros Study,2021 IEEE CONFERENCE ON GAMES (COG),2021,http://dx.doi.org/10.1109/COG52621.2021.9619124,,Yes,Yes,Yes,No,No,No,Yes,No,No,No,No,Yes,No,Yes,No,Yes,Yes,No,No,No,Yes,Yes,Yes,No,No,No,No,Yes,No,Yes,No,No,No,No,No,No,Yes
"LaBouve, E; Miller, E; Khosmood, F",Enhancing Story Generation with the Semantic Web,PROCEEDINGS OF THE 14TH INTERNATIONAL CONFERENCE ON THE FOUNDATIONS OF DIGITAL GAMES (FDG'19),2019,http://dx.doi.org/10.1145/3337722.3337742,,Yes,No,N/A,N/A,N/A,N/A,N/A,N/A,N/A,N/A,N/A,N/A,N/A,N/A,N/A,N/A,N/A,N/A,N/A,N/A,N/A,N/A,N/A,N/A,N/A,N/A,N/A,N/A,N/A,N/A,N/A,N/A,N/A,N/A,N/A,N/A,N/A
"Schubert, F; Awiszus, M; Rosenhahn, B",TOAD-GAN: A Flexible Framework for Few-Shot Level Generation in Token-Based Games,IEEE TRANSACTIONS ON GAMES,2022,http://dx.doi.org/10.1109/TG.2021.3069833,KL Tile Divergence as a metric diversity measure? I guess,Yes,Yes,Yes,No,No,No,Yes,Yes,Yes,No,No,Yes,No,Yes,No,No,Yes,No,No,No,No,Yes,No,Yes,No,No,No,Yes,No,Yes,No,No,No,Yes,Yes,No,No
"Mitsis, K; Kalafatis, E; Zarkogianni, K; Mourkousis, G; Nikita, KS",Procedural content generation based on a genetic algorithm in a serious game for obstructive sleep apnea,2020 IEEE CONFERENCE ON GAMES (IEEE COG 2020),2020,,,Yes,Yes,Yes,No,No,Yes,No,No,No,No,No,No,Yes,No,No,No,No,Yes,No,No,No,No,No,No,No,No,No,Yes,No,No,No,No,No,No,Yes,No,No
"Hauck, E; Aranha, C",Automatic Generation of Super Mario Levels via Graph Grammars,2020 IEEE CONFERENCE ON GAMES (IEEE COG 2020),2020,,,Yes,Yes,Yes,No,No,No,No,No,No,No,No,Yes,No,Yes,No,No,No,No,No,No,No,Yes,No,No,Yes,No,No,Yes,No,Yes,No,No,No,No,No,No,Yes
"Ruela, AS; Delgado, KV",Scale-Free Evolutionary Level Generation,PROCEEDINGS OF THE 2018 IEEE CONFERENCE ON COMPUTATIONAL INTELLIGENCE AND GAMES (CIG'18),2018,,,Yes,Yes,Yes,No,No,No,Yes,No,No,No,No,Yes,No,No,No,Yes,No,No,No,No,No,No,No,No,No,No,No,No,Yes,No,No,No,No,No,No,Yes,No
"Paduraru, C; Paduraru, M; Iordache, S",Continuous Procedural Network of Roads Generation using L-Systems and Reinforcement Learning,PROCEEDINGS OF THE 17TH INTERNATIONAL CONFERENCE ON SOFTWARE TECHNOLOGIES (ICSOFT),2022,http://dx.doi.org/10.5220/0011268300003266,Borderline on being a level generator - but lots of references make to games,Yes,Yes,Yes,No,Yes,No,No,No,No,Yes,No,No,No,No,No,No,No,No,No,No,Yes,No,No,No,No,No,No,Yes,No,No,No,No,No,No,No,Yes,No
"Park, K; Mott, B; Min, W; Wiebe, E; Boyer, KE; Lester, J",Generating Game Levels to Develop Computer Science Competencies in Game-Based Learning Environments,"ARTIFICIAL INTELLIGENCE IN EDUCATION (AIED 2020), PT II",2020,http://dx.doi.org/10.1007/978-3-030-52240-7_44,,Yes,Yes,Yes,No,No,No,No,No,No,No,No,Yes,Yes,No,No,No,No,No,Yes,No,No,No,Yes,No,No,No,No,No,Yes,No,No,No,No,No,Yes,No,No
"Cobbe, K; Hesse, C; Hilton, J; Schulman, J",Leveraging Procedural Generation to Benchmark Reinforcement Learning,"INTERNATIONAL CONFERENCE ON MACHINE LEARNING, VOL 119",2020,,"Multiple PCG systems introduced, but barely talked about or evaled as PCG systems- Focus is on RL agent performance",Yes,Yes,Yes,No,Yes,No,No,No,No,Yes,No,No,No,No,No,No,No,No,No,No,No,No,No,No,No,No,Yes,Yes,No,No,No,No,No,Yes,No,Yes,No
"Picariello, U; Loiacono, D; Mosca, F; Lanzi, PL",A Framework to Create Collaborative Games for Team Building using Procedural Content Generation,2020 IEEE SYMPOSIUM SERIES ON COMPUTATIONAL INTELLIGENCE (SSCI),2020,,Tagged this as using fitness - as each of its metrics was used as a psuedo fitness function in experiments,Yes,Yes,Yes,No,No,No,Yes,No,No,No,No,Yes,No,No,No,Yes,No,No,No,No,No,No,No,No,No,Yes,No,No,Yes,No,No,No,No,No,No,Yes,No
"Cobbe, K; Hesse, C; Hilton, J; Schulman, J",Leveraging Procedural Generation to Benchmark Reinforcement Learning,25TH AMERICAS CONFERENCE ON INFORMATION SYSTEMS (AMCIS 2019),2019,,Duplicate paper,N/A,N/A,N/A,N/A,N/A,N/A,N/A,N/A,N/A,N/A,N/A,N/A,N/A,N/A,N/A,N/A,N/A,N/A,N/A,N/A,N/A,N/A,N/A,N/A,N/A,N/A,N/A,N/A,N/A,N/A,N/A,N/A,N/A,N/A,N/A,N/A,N/A
"Pereira, YH; Ueda, R; Galhardi, LB; Brancher, JD",Using Procedural Content Generation for Storytelling in a Serious Game called Orange Care,2019 18TH BRAZILIAN SYMPOSIUM ON COMPUTER GAMES AND DIGITAL ENTERTAINMENT (SBGAMES 2019),2019,http://dx.doi.org/10.1109/SBGames.2019.00033,,Yes,No,N/A,N/A,N/A,N/A,N/A,N/A,N/A,N/A,N/A,N/A,N/A,N/A,N/A,N/A,N/A,N/A,N/A,N/A,N/A,N/A,N/A,N/A,N/A,N/A,N/A,N/A,N/A,N/A,N/A,N/A,N/A,N/A,N/A,N/A,N/A
"Rodrigues, L; Bonidia, R; Brancher, J",Procedural versus human level generation: Two sides of the same coin?,INTERNATIONAL JOURNAL OF HUMAN-COMPUTER STUDIES,2020,http://dx.doi.org/10.1016/j.ijhcs.2020.102465,,Yes,No,N/A,N/A,N/A,N/A,N/A,N/A,N/A,N/A,N/A,N/A,N/A,N/A,N/A,N/A,N/A,N/A,N/A,N/A,N/A,N/A,N/A,N/A,N/A,N/A,N/A,N/A,N/A,N/A,N/A,N/A,N/A,N/A,N/A,N/A,N/A
"Sirota, J; Bulitko, V; Brown, MRG; Hernandez, SP",Towards Procedurally Generated Languages for Non-playable Characters in Video Games,2019 IEEE CONFERENCE ON GAMES (COG),2019,,,Yes,No,N/A,N/A,N/A,N/A,N/A,N/A,N/A,N/A,N/A,N/A,N/A,N/A,N/A,N/A,N/A,N/A,N/A,N/A,N/A,N/A,N/A,N/A,N/A,N/A,N/A,N/A,N/A,N/A,N/A,N/A,N/A,N/A,N/A,N/A,N/A
"Sestini, A; Kuhnle, A; Bagdanov, AD",Demonstration-Efficient Inverse Reinforcement Learning in Procedurally Generated Environments,2021 IEEE CONFERENCE ON GAMES (COG),2021,http://dx.doi.org/10.1109/COG52621.2021.9619084,,Yes,No,N/A,N/A,N/A,N/A,N/A,N/A,N/A,N/A,N/A,N/A,N/A,N/A,N/A,N/A,N/A,N/A,N/A,N/A,N/A,N/A,N/A,N/A,N/A,N/A,N/A,N/A,N/A,N/A,N/A,N/A,N/A,N/A,N/A,N/A,N/A
"Paraschos, PD; Koulouriotis, DE",Game Difficulty Adaptation and Experience Personalization: A Literature Review,INTERNATIONAL JOURNAL OF HUMAN-COMPUTER INTERACTION,2023,http://dx.doi.org/10.1080/10447318.2021.2020008,,Yes,No,N/A,N/A,N/A,N/A,N/A,N/A,N/A,N/A,N/A,N/A,N/A,N/A,N/A,N/A,N/A,N/A,N/A,N/A,N/A,N/A,N/A,N/A,N/A,N/A,N/A,N/A,N/A,N/A,N/A,N/A,N/A,N/A,N/A,N/A,N/A
"Huber, T; Mertes, S; Rangelova, S; Flutura, S; Andre, E",Dynamic Difficulty Adjustment in Virtual Reality Exergames through Experience-driven Procedural Content Generation,2021 IEEE SYMPOSIUM SERIES ON COMPUTATIONAL INTELLIGENCE (IEEE SSCI 2021),2021,http://dx.doi.org/10.1109/SSCI50451.2021.9660086,,Yes,Yes,Yes,No,No,No,No,No,No,No,No,No,Yes,No,No,No,No,Yes,Yes,Yes,No,No,No,No,No,Yes,No,No,Yes,No,No,No,No,No,No,Yes,No
"Walton, SP; Rahat, AAM; Stovold, J",Evaluating Mixed-Initiative Procedural Level Design Tools Using a Triple-Blind Mixed-Method User Study,IEEE TRANSACTIONS ON GAMES,2022,http://dx.doi.org/10.1109/TG.2021.3086215,,Yes,Yes,Yes,No,No,Yes,No,No,No,No,No,No,No,No,Yes,No,No,No,Yes,No,No,No,No,No,No,No,No,Yes,No,No,No,No,No,No,No,Yes,No
"Sandhu, A; McCoy, J",A Framework for Integrating Architectural Design Patterns into PCG,PROCEEDINGS OF THE 14TH INTERNATIONAL CONFERENCE ON THE FOUNDATIONS OF DIGITAL GAMES (FDG'19),2019,http://dx.doi.org/10.1145/3337722.3341839,,Yes,No,N/A,N/A,N/A,N/A,N/A,N/A,N/A,N/A,N/A,N/A,N/A,N/A,N/A,N/A,N/A,N/A,N/A,N/A,N/A,N/A,N/A,N/A,N/A,N/A,N/A,N/A,N/A,N/A,N/A,N/A,N/A,N/A,N/A,N/A,N/A
"Xu, JD; Okido, Y; Sae-Lao, S; Paliyawan, P; Thawonmas, R; Harada, T",Promoting Emotional Well-Being with Angry-Birds-like Gameplay on Pixel Image Levels,2019 IEEE 7TH INTERNATIONAL CONFERENCE ON SERIOUS GAMES AND APPLICATIONS FOR HEALTH (SEGAH),2019,,"Science Birds, an angrybirds research clone == comercial or custom game?",Yes,Yes,Yes,No,No,Yes,No,No,No,No,No,No,Yes,No,No,No,No,Yes,No,Yes,No,No,No,No,No,No,No,Yes,No,No,No,No,No,No,No,No,Yes
"Park, K; Mott, BW; Min, W; Boyer, KE; Wiebe, EN; Lester, JC",Generating Educational Game Levels with Multistep Deep Convolutional Generative Adversarial Networks,2019 IEEE CONFERENCE ON GAMES (COG),2019,,,Yes,Yes,Yes,No,No,No,Yes,No,No,No,No,Yes,No,Yes,No,No,Yes,No,No,No,No,No,Yes,No,No,No,No,No,Yes,No,No,No,No,No,Yes,No,No
"Rosyid, HA; Hasanah, H; Fathurrozi, MI; Akbar, MI",Block-based Approach to Observe Game Content Space in Endless-runner Game,"2019 INTERNATIONAL CONFERENCE ON ELECTRICAL, ELECTRONICS AND INFORMATION ENGINEERING (ICEEIE)",2019,,I find the paper pretty unclear on whether it actually introduces a PCG system - definitely not the focus though,Yes,No,N/A,N/A,N/A,N/A,N/A,N/A,N/A,N/A,N/A,N/A,N/A,N/A,N/A,N/A,N/A,N/A,N/A,N/A,N/A,N/A,N/A,N/A,N/A,N/A,N/A,N/A,N/A,N/A,N/A,N/A,N/A,N/A,N/A,N/A,N/A
"Khoshkangini, R; Valetto, G; Marconi, A; Pistore, M",Automatic generation and recommendation of personalized challenges for gamification,USER MODELING AND USER-ADAPTED INTERACTION,2021,http://dx.doi.org/10.1007/s11257-019-09255-2,Its a gamification app for IRL travel - cant say that seems level generatory'y enough,Yes,No,N/A,N/A,N/A,N/A,N/A,N/A,N/A,N/A,N/A,N/A,N/A,N/A,N/A,N/A,N/A,N/A,N/A,N/A,N/A,N/A,N/A,N/A,N/A,N/A,N/A,N/A,N/A,N/A,N/A,N/A,N/A,N/A,N/A,N/A,N/A
"Tait, ER; Nelson, IL",Nonscalability and generating digital outer space natures in No Man's Sky,ENVIRONMENT AND PLANNING E-NATURE AND SPACE,2022,http://dx.doi.org/10.1177/25148486211000746,,Yes,No,N/A,N/A,N/A,N/A,N/A,N/A,N/A,N/A,N/A,N/A,N/A,N/A,N/A,N/A,N/A,N/A,N/A,N/A,N/A,N/A,N/A,N/A,N/A,N/A,N/A,N/A,N/A,N/A,N/A,N/A,N/A,N/A,N/A,N/A,N/A
"Maia, LF; Viana, W; Trinta, F",Transposition of Location-based Games: Using Procedural Content Generation to deploy balanced game maps to multiple locations,PERVASIVE AND MOBILE COMPUTING,2021,http://dx.doi.org/10.1016/j.pmcj.2020.101302,,Yes,Yes,Yes,No,Yes,No,No,Yes,No,Yes,No,Yes,Yes,No,No,Yes,No,No,Yes,No,No,No,No,No,No,No,No,Yes,No,No,No,No,No,Yes,No,Yes,No
"Alvarez, A; Dahlskog, S; Font, J; Togelius, J",Interactive Constrained MAP-Elites: Analysis and Evaluation of the Expressiveness of the Feature Dimensions,IEEE TRANSACTIONS ON GAMES,2022,http://dx.doi.org/10.1109/TG.2020.3046133,EDD Iteration,Yes,Yes,Yes,Yes,No,No,Yes,Yes,Yes,No,No,Yes,No,No,No,Yes,No,No,No,No,No,No,Yes,No,Yes,No,No,Yes,No,No,No,No,No,No,No,No,Yes
"Kanagawa, Y; Kaneko, T",Rogue-Gym: A New Challenge for Generalization in Reinforcement Learning,2019 IEEE CONFERENCE ON GAMES (COG),2019,,Goal is training RL agents again,Yes,Yes,Yes,No,No,No,Yes,Yes,No,No,No,No,No,Yes,No,No,No,No,No,No,No,No,No,No,No,No,Yes,Yes,No,No,No,No,No,No,No,Yes,No
"Volz, V; Schrum, J; Liu, JL; Lucas, SM; Smith, A; Risi, S",Evolving Mario Levels in the Latent Space of a Deep Convolutional Generative Adversarial Network,GECCO'18: PROCEEDINGS OF THE 2018 GENETIC AND EVOLUTIONARY COMPUTATION CONFERENCE,2018,http://dx.doi.org/10.1145/3205455.3205517,,Yes,Yes,Yes,No,No,No,No,No,No,No,No,Yes,No,Yes,No,Yes,No,No,No,No,No,Yes,No,No,No,Yes,No,Yes,No,Yes,No,No,No,No,No,No,Yes
"Bulitko, V; Botea, A",Evolving Romanian Crossword Puzzles with Deep Learning and Heuristic Search,2021 IEEE CONFERENCE ON GAMES (COG),2021,http://dx.doi.org/10.1109/COG52621.2021.9619056,Crossword != Level I reckon,Yes,No,N/A,N/A,N/A,N/A,N/A,N/A,N/A,N/A,N/A,N/A,N/A,N/A,N/A,N/A,N/A,N/A,N/A,N/A,N/A,N/A,N/A,N/A,N/A,N/A,N/A,N/A,N/A,N/A,N/A,N/A,N/A,N/A,N/A,N/A,N/A
"Kim, PH; Crawfis, R",Intelligent Maze Generation based on Topological Constraints,2018 7TH INTERNATIONAL CONGRESS ON ADVANCED APPLIED INFORMATICS (IIAI-AAI 2018),2018,http://dx.doi.org/10.1109/IIAI-AAI.2018.00176,,Yes,Yes,Yes,No,No,No,No,No,Yes,No,No,Yes,No,No,No,No,No,No,No,No,No,No,No,No,No,Yes,No,Yes,No,No,No,No,No,No,No,Yes,No
"Stephens, C; Exton, C",Balancing Multiplayer Games across Player Skill Levels using Deep Reinforcement Learning,ICAART: PROCEEDINGS OF THE 14TH INTERNATIONAL CONFERENCE ON AGENTS AND ARTIFICIAL INTELLIGENCE - VOL 3,2022,http://dx.doi.org/10.5220/0010914200003116,50/50 Map Balance as fitness function? Also PCGRL research framework as custom or preexisting game?,Yes,Yes,Yes,No,No,No,No,No,Yes,Yes,Yes,No,No,Yes,No,Yes,No,No,No,No,No,Yes,No,No,No,No,Yes,Yes,No,No,No,No,No,No,No,Yes,Yes
"van Aanholt, L; Bidarra, R",Declarative procedural generation of architecture with semantic architectural profiles,2020 IEEE CONFERENCE ON GAMES (IEEE COG 2020),2020,,,Yes,Yes,Yes,No,No,No,Yes,No,No,No,No,Yes,No,No,No,No,No,No,No,No,No,Yes,Yes,No,Yes,No,No,No,Yes,No,No,No,No,No,No,Yes,No
"Gisslen, L; Eakins, A; Gordillo, C; Bergdahl, J; Tollmar, K",Adversarial Reinforcement Learning for Procedural Content Generation,2021 IEEE CONFERENCE ON GAMES (COG),2021,http://dx.doi.org/10.1109/COG52621.2021.9619053,,Yes,Yes,Yes,No,No,No,Yes,Yes,No,Yes,No,No,No,Yes,No,No,Yes,No,No,No,No,Yes,No,No,No,Yes,No,No,Yes,No,No,No,No,Yes,No,Yes,No
"Hooshyar, D; Yousefi, M; Lim, H",A systematic review of data-driven approaches in player modeling of educational games,ARTIFICIAL INTELLIGENCE REVIEW,2019,http://dx.doi.org/10.1007/s10462-017-9609-8,,Yes,No,N/A,N/A,N/A,N/A,N/A,N/A,N/A,N/A,N/A,N/A,N/A,N/A,N/A,N/A,N/A,N/A,N/A,N/A,N/A,N/A,N/A,N/A,N/A,N/A,N/A,N/A,N/A,N/A,N/A,N/A,N/A,N/A,N/A,N/A,N/A
"Dutra, PVM; Villela, SM; Neto, RF",Procedural Content Generation using Reinforcement Learning and Entropy Measure as Feedback,2022 21ST BRAZILIAN SYMPOSIUM ON COMPUTER GAMES AND DIGITAL ENTERTAINMENT (SBGAMES),2022,http://dx.doi.org/10.1109/SBGAMES56371.2022.9961076,"They call it Zelda, but it aint Zelda really at all",Yes,Yes,Yes,No,No,No,No,No,No,Yes,No,Yes,No,Yes,No,No,No,No,No,No,No,No,Yes,No,No,No,No,Yes,No,No,No,No,No,Yes,No,Yes,No
"Pereira, LT; Prado, PVS; Toledo, C",Evolving Dungeon Maps With Locked Door Missions,2018 IEEE CONGRESS ON EVOLUTIONARY COMPUTATION (CEC),2018,http://dx.doi.org/10.1109/CEC.2018.8477718,,Yes,Yes,Yes,No,No,No,Yes,No,No,No,Yes,Yes,Yes,No,No,No,No,No,Yes,No,No,No,No,No,No,Yes,No,Yes,No,No,No,No,No,No,No,Yes,No
"Nealey, I; Ferrier, N; Insley, JA; Mateevitsi, VA; Rizzi, S; Schulze, J","Sort-Last In-Transit Data Visualization with SENSEI, Catalyst, and Unreal Engine",2022 IEEE 12TH SYMPOSIUM ON LARGE DATA ANALYSIS AND VISUALIZATION (LDAV 2022),2022,,,Yes,No,N/A,N/A,N/A,N/A,N/A,N/A,N/A,N/A,N/A,N/A,N/A,N/A,N/A,N/A,N/A,N/A,N/A,N/A,N/A,N/A,N/A,N/A,N/A,N/A,N/A,N/A,N/A,N/A,N/A,N/A,N/A,N/A,N/A,N/A,N/A
"Loiacono, D; Arnaboldi, L",Multiobjective Evolutionary Map Design for Cube 2: Sauerbraten,IEEE TRANSACTIONS ON GAMES,2019,http://dx.doi.org/10.1109/TG.2018.2830746,,Yes,Yes,Yes,No,No,No,No,No,No,No,No,No,Yes,Yes,No,Yes,No,No,Yes,No,No,Yes,No,No,No,Yes,No,No,Yes,No,No,No,No,No,No,No,Yes
"Adao, T; Padua, L; Marques, P; Sousa, JJ; Peres, E; Magalhaes, L","Procedural Modeling of Buildings Composed of Arbitrarily-Shaped Floor-Plans: Background, Progress, Contributions and Challenges of a Methodology Oriented to Cultural Heritage",COMPUTERS,2019,http://dx.doi.org/10.3390/computers8020038,,Yes,Yes,Yes,No,Yes,No,No,No,No,No,No,No,No,No,No,No,No,No,No,No,Yes,Yes,No,No,No,No,No,No,Yes,No,No,No,No,No,No,Yes,No
"Gonzalez-Duque, M; Palm, RB; Ha, D; Risi, S",Finding Game Levels with the Right Difficulty in a Few Trials through Intelligent Trial-and-Error,2020 IEEE CONFERENCE ON GAMES (IEEE COG 2020),2020,,,Yes,Yes,Yes,No,No,No,Yes,No,No,No,No,No,No,Yes,No,Yes,Yes,No,No,No,No,No,No,No,No,Yes,No,Yes,No,No,Yes,No,No,No,No,No,Yes
"Nam, SG; Hsueh, CH; Ikeda, K",Generation of Game Stages With Quality and Diversity by Reinforcement Learning in Turn-Based RPG,IEEE TRANSACTIONS ON GAMES,2022,http://dx.doi.org/10.1109/TG.2021.3113313,It looks a bit like ERA - Q value vs scores for a stage. However I do not count it as ERA requires whole artefact eval,Yes,Yes,Yes,No,Yes,No,No,Yes,No,No,No,Yes,No,No,No,Yes,Yes,No,No,No,No,No,Yes,No,No,No,No,Yes,No,No,No,No,No,No,No,Yes,No
"Ruela, AS; Delgado, KV; Bernardes, J",A multi-objective evolutionary approach for the nonlinear scale-free level problem,APPLIED INTELLIGENCE,2020,http://dx.doi.org/10.1007/s10489-020-01788-z,1D ERA but they call it ERA,Yes,Yes,Yes,No,Yes,No,No,Yes,No,No,No,Yes,No,No,No,Yes,No,No,No,No,Yes,No,Yes,No,Yes,No,No,Yes,No,No,No,No,No,No,No,Yes,No
"Gambi, A; Mueller, M; Fraser, G",Automatically Testing Self-Driving Cars with Search-Based Procedural Content Generation,PROCEEDINGS OF THE 28TH ACM SIGSOFT INTERNATIONAL SYMPOSIUM ON SOFTWARE TESTING AND ANALYSIS (ISSTA '19),2019,http://dx.doi.org/10.1145/3293882.3330566,,Yes,Yes,Yes,No,Yes,No,Yes,No,No,No,No,No,No,Yes,No,No,No,No,No,No,No,No,No,No,No,No,No,No,Yes,No,No,No,No,No,No,No,Yes
"Janovsky, M",NEW TECHNOLOGIES AND THEIR INTERCONNECTION IN THE CREATION AND PROCESSING OF 3DMODELS AND SCENES,"MEASUREMENT, VISUALISATION AND PROCESSING IN BIM FOR DESIGN AND CONSTRUCTION MANAGEMENT II",2022,http://dx.doi.org/10.5194/isprs-archives-XLVI-5-W1-2022-129-2022,,Yes,No,N/A,N/A,N/A,N/A,N/A,N/A,N/A,N/A,N/A,N/A,N/A,N/A,N/A,N/A,N/A,N/A,N/A,N/A,N/A,N/A,N/A,N/A,N/A,N/A,N/A,N/A,N/A,N/A,N/A,N/A,N/A,N/A,N/A,N/A,N/A
"Preda, OM; Garabet, M; Caraman, D",BEACONING Project,"PROCEEDINGS OF THE 13TH INTERNATIONAL CONFERENCE ON VIRTUAL LEARNING, ICVL 2018",2018,,,Yes,No,N/A,N/A,N/A,N/A,N/A,N/A,N/A,N/A,N/A,N/A,N/A,N/A,N/A,N/A,N/A,N/A,N/A,N/A,N/A,N/A,N/A,N/A,N/A,N/A,N/A,N/A,N/A,N/A,N/A,N/A,N/A,N/A,N/A,N/A,N/A
"Perez, MRB; Eisemann, E; Bidam, R",A Synset-Based Recommender Method for Mixed-Initiative Narrative World Creation,"INTERACTIVE STORYTELLING, ICIDS 2021",2021,http://dx.doi.org/10.1007/978-3-030-92300-6_2,,Yes,Yes,No,No,No,No,No,No,No,No,No,No,No,No,No,No,No,No,No,No,No,No,No,No,No,No,No,Yes,No,No,No,No,No,No,No,Yes,No
"van Paridon, K; Timmis, MA; Esfahlani, SS",Development and Evaluation of a Virtual Environment to Assess Cycling Hazard Perception Skills,SENSORS,2021,http://dx.doi.org/10.3390/s21165499,Point of comparison is player behaviour in the real world - how to categorise?,Yes,Yes,Yes,No,Yes,No,No,No,No,No,No,No,Yes,No,No,No,No,No,No,Yes,No,No,No,No,No,No,No,No,Yes,No,No,No,No,No,No,Yes,No
"Lee, HJ; Simo-Serra, E",Using Unconditional Diffusion Models in Level Generation for Super Mario Bros.,"2023 18TH INTERNATIONAL CONFERENCE ON MACHINE VISION AND APPLICATIONS, MVA",2023,,,Yes,Yes,Yes,No,No,No,Yes,No,Yes,No,No,Yes,No,Yes,No,No,Yes,No,No,No,No,Yes,Yes,No,No,No,No,Yes,No,Yes,No,No,No,No,No,No,Yes
"Volz, V; Naujoks, B; Kerschke, P; Tusar, T",Tools for Landscape Analysis of Optimisation Problems in Procedural Content Generation for Games,APPLIED SOFT COMPUTING,2023,10.1016/j.asoc.2023.110121,,Yes,No,N/A,N/A,N/A,N/A,N/A,N/A,N/A,N/A,N/A,N/A,N/A,N/A,N/A,N/A,N/A,N/A,N/A,N/A,N/A,N/A,N/A,N/A,N/A,N/A,N/A,N/A,N/A,N/A,N/A,N/A,N/A,N/A,N/A,N/A,N/A
"Awiszus, M; Schubert, F; Rosenhahn, B",Wor(l)d-GAN: Toward Natural-Language-Based PCG in Minecraft,IEEE TRANSACTIONS ON GAMES,2023,10.1109/TG.2022.3153206,,Yes,Yes,Yes,No,No,No,Yes,Yes,Yes,No,No,Yes,No,No,No,No,No,No,No,No,No,Yes,No,Yes,No,No,No,No,Yes,No,No,No,No,No,No,No,Yes
"Martens, C",Towards Declarative Content Generation for Creativity Support Tools,"PRACTICAL ASPECTS OF DECLARATIVE LANGUAGES, PADL 2023",2023,,,No,N/A,N/A,N/A,N/A,N/A,N/A,N/A,N/A,N/A,N/A,N/A,N/A,N/A,N/A,N/A,N/A,N/A,N/A,N/A,N/A,N/A,N/A,N/A,N/A,N/A,N/A,N/A,N/A,N/A,N/A,N/A,N/A,N/A,N/A,N/A,N/A
